Name|Last Release|Code type|Keywords [Max 3]|Field|License|Programming Language|Institution(s)|Website|Related publications|Source code |Contacts|Description|Short description (≤300 chars, summarized)|Concept DOI (from zenodo)|Other DOIs|Software Logo (yes/no)|Image url
FRoG|2025 (latest release)|Application|Treatment Planning and dosimetry|Protons/Ions|Not explicitly stated|C++ (primary), Python (for some functionalities)|Heidelberg Ion-Beam Therapy Center (HIT), Centro Nazionale di Adroterapia Oncologica (CNAO), Danish Centre for Particle Therapy (DCPT), German Cancer Research Center (DKFZ)|Not explicitly stated, but implies project website or related academic pages.|KyungDon Choi et al. "FRoG-A New Calculation Engine for Clinical Investigations with Proton and Carbon Ion Beams at CNAO" (2018)|Not explicitly stated|FRoG.HIT@med.uni-heidelberg.de|FRoG (Fast dose Recalculation on GPU) is a high-accuracy, GPU-accelerated analytical dose-calculation engine for hadron therapy (H, He, C, O) that achieves accuracy comparable to Monte Carlo (MC) simulations, with dose-volume histogram values agreeing within ~1% for protons and ~2.5% for carbon ions. Developed for rapid, robust dose calculation in clinical settings, it often serves as an, independent fast dose calculation engine to support treatment planning systems.|Independent dose and LETd prediction tool for proton therapy, GPU-accelerated, sandbox environment, supports variable RBE models. Not for clinical use.|NA|Not explicitly stated for the software itself|No|
MonteRay|Not explicitly stated|Application|Treatment Planning and dosimetry|Protons/Ions|Not explicitly stated|C++ (primary)|Not explicitly stated, but developed in-house (implied academic/research institution). Heidelberg Ion Therapy Center.|Not explicitly stated, but related to research group websites.|https://doi.org/10.3389/fphy.2021.741453|Not explicitly stated|Not explicitly stated, but contacts for related medical physics programs are available.|MonteRay is a fast Monte Carlo (MC) dose calculation engine developed for proton, helium, and carbon ion beam therapy. It is designed to combine the high dosimetric accuracy of Monte Carlo simulations—widely regarded as the gold standard in radiotherapy—with computational performance compatible with research and near‑clinical workflows.|CPU MC dose calculation engine, capable of simulating therapeutic proton, helium, and carbon ion beams. Uses pre-computed nuclear event database.|NA|Not explicitly stated for the software itself, but publication DOI is https://doi.org/10.3389/fphy.2021.741453.|No|
FRED|2025|Application|Treatment Planning and dosimetry|Protons/Ions|https://www.fred-mc.org/Manual_3.76/Download/Licences.html|Python (uses CuPy for GPU acceleration)|University of Rome 'La Sapienza'|https://www.fred-mc.org/Manual_3.76/index.html|"GPU-accelerated FREDopt package for simultaneous dose and LETd proton radiotherapy plan optimization via superiorization methods" (2025).|Not explicitly stated|angelo.schiavi@uniroma1.it, jan.gajewski@ifj.edu.pl, ilaria.rinaldi@maastro.nl|FRED (Fast paRticle thErapy Dose evaluator) is a fast Monte-Carlo platform for particle transport in heterogeneous media. The main motivation is to allow a rapid recalculation of dose deposition in the context of Particle Therapy. FRED can transport protons, light ions, neutrons and other particles through voxelized regions. A complete treatment plan can be recalculated importing patient data (e.g. CT scans) and delivery plans (namely fields and pencil beams). FRED can run on CPU hardware exploiting multi-core parallelism as well as on single or multiple GPU cards using OpenCL.|GPU MC dose engine capable of simulating therapeutic protons, electrons and carbon ions.|NA|10.1088/1361-6560/ade841 (for the publication)|Yes|https://www.fred-mc.org/Manual_3.76/_static/FRED_logo.png
JulianA|2024|Library/Toolkit|Treatment Planning and dosimetry|Protons/Ions|	BSD-3-Clause|Julia (primary), can interface with Python and C code|Paul Scherrer Institut, ETH Zürich, University Hospital of Zurich (USZ), University Hospital of Bern (Inselspital), Université Laval|Not explicitly stated for a dedicated website, but code available on Zenodo.|Autoplanning algorithm published in previous work (not specified), validation study under peer-review, H&N planning study in progress.|https://github.com/renatobellotti/Juliana.jl|jan.hrbacek@psi.ch|https://raw.githubusercontent.com/renatobellotti/Juliana.jl/refs/heads/main/README.md|Accelerates proton radiotherapy research. Flexible, modular toolkit.|NA|10.5281/zenodo.10377184 (for the Zenodo mirror).|Yes|https://github.com/renatobellotti/Juliana.jl/raw/main/juliana_logo.svg
PRIMO|Not explicitly stated|Application|Treatment Planning and dosimetry|Photons||Not explicitly stated (uses PENELOPE and DPM, which are Fortran/C++ based)|Medizinische Fakultät of the Universität Duisburg-Essen, Hospital Paitilla, Universitat Politècnica de Catalunya.|www.primoproject.net|Multiple publications listed on its website including "PRIMO: A graphical environment for the Monte Carlo simulation of Varian and Elekta linacs" (2013).|Not explicitly stated (not open source)|Contact info in "about the authors" section (not provided in snippet). Specific emails: lorenzo.brualla@uni-duisburg-essen.de, milrocas@gmail.com, josep.sempau@upc.es. For PRIMO P&A Project Optimizer: primo@netl.doe.gov.|PRIMO performs full Monte Carlo simulation of radiation transport in the linac geometry and patient CT using either the general-purpose PENELOPE code or the fast Monte Carlo code DPM, all wrapped under an intuitive and hassle-free graphical user interface. PRIMO is free software.|Simulates clinical linear accelerators and estimates absorbed dose distributions. Combines GUI with PENELOPE and DPM Monte Carlo codes.|NA|Not explicitly stated for the software itself. Publication DOIs are provided. Zenodo records for other PRIMO projects exist, e.g., 10.5281/zenodo.4447293|Yes|https://primoproject.net/wp-content/uploads/2025/06/PRIMO-free-software.jpg
pyOrthanc|2025 (publication date)|Library/Toolkit|Software Engineering and Data Infrastructure|Multiple purpose|	CC-BY-4.0|Python (primary), uses httpx library|Centre de recherche de l'Institut universitaire de cardiologie et de pneumologie de Québec-Université Laval, Département de physique, de génie physique et d'optique, Université Laval|https://github.com/gacou54/pyorthanc|"PyOrthanc: A Python Interface for Orthanc DICOM Servers" (2025).|https://github.com/gacou54/pyorthanc|Provides a comprehensive Python interface for interacting with Orthanc DICOM servers. Simplifies complex REST API interactions. Supports querying, anonymization, and DICOM services. Designed for efficient handling of large-scale DICOM operations.|https://raw.githubusercontent.com/gacou54/pyorthanc/refs/heads/main/README.md|PyOrthanc makes it easy to work with DICOM medical images stored on Orthanc servers using Python - instead of dealing with the DICOM protocol directly or creating complex code to interact with Orthanc's REST API.|NA|No|No|
Orthanc|Not explicitly stated|Application|Software Engineering and Data Infrastructure|Multiple purpose|	GPL-3.0-or-later|C++, HTML, JavaScript|CHU de Liège, Osimis company, Université Catholique de Louvain|www.orthanc-server.com|"Orthanc: A Lightweight, RESTful DICOM Server for Healthcare and Medical Research" (2016) and "Rendering Medical Images using WebAssembly" (2022).|hg.orthanc-server.com/orthanc|Not explicitly stated (community support via forums/issues implied)|# Orthanc in a nutshell\nOrthanc aims at providing a simple, yet powerful standalone DICOM server. It is designed to improve the DICOM flows in hospitals and to support research about the automated analysis of medical images. Orthanc lets its users focus on the content of the DICOM files, hiding the complexity of the DICOM format and of the DICOM protocol.\n\nOrthanc can turn any computer running Windows, Linux or OS X into a DICOM store (in other words, a mini-PACS system). Its architecture is lightweight and standalone, meaning that no complex database administration is required, nor the installation of third-party dependencies.\n\nWhat makes Orthanc unique is the fact that it provides a RESTful API. Thanks to this major feature, it is possible to drive Orthanc from any computer language. The DICOM tags of the stored medical images can be downloaded in the JSON file format. Furthermore, standard PNG images can be generated on-the-fly from the DICOM instances by Orthanc.\n\nOrthanc also features a plugin mechanism to add new modules that extends the core capabilities of its REST API. A Web viewer, a PostgreSQL database back-end, a MySQL database back-end, and a reference implementation of DICOMweb are currently freely available as plugins.|Orthanc is a Belgian, open-source, lightweight DICOM server for healthcare and medical research.|NA|Not explicitly stated for the software itself, but publication DOIs are provided.|Yes|https://www.orthanc-server.com/img/Carousel/1-Logo.png
Conquest DICOM|2020 (open source release on GitHub for v1.5.0)|Application|Software Engineering and Data Infrastructure|Multiple purpose|        GPL-2.0|C (70.4%), C++ (15.0%), Pascal (5.2%), Lua (4.9%), Rich Text Format (2.2%), Shell (0.8%), Other (1.5%)|University of Manchester|https://www.natura-ingenium.nl/dicom.html|https://github.com/marcelvanherk/Conquest-DICOM-Server|Not explicitly stated|Marcel van Herk University of Manchester|https://raw.githubusercontent.com/marcelvanherk/Conquest-DICOM-Server/refs/heads/master/readme.md|Complete DICOM server offering storage, verification, query and retrieve with programmable SQL database tables.|NA|No|Yes|https://www.natura-ingenium.nl/conquest.jpg
ClearCanvas|2015 (latest release)|Application|Software Engineering and Data Infrastructure|Multiple purpose|GPL-3.0|C# (86.3%), C (7.4%), Classic ASP (2.2%), JavaScript (1.8%), HTML (1.3%), C++ (0.7%)|Synaptive Medical (acquired IP and products in 2015). Originally developed for The Joint Department of Medical Imaging (JDMI), University Health Network, Mount Sinai Hospital, Women's College Hospital.|clearcanvas.github.io|"Commercial Open Source RIS/PACS: The ClearCanvas Experience" (2009). "Development and Reliability of a User-friendly Multicenter Phenotyping Application for Hemorrhagic and Ischemic Stroke" (2017).|https://github.com/ClearCanvas/ClearCanvas|No specific contact email provided, but suggests checking documentation or issues tracker. Contact form on clearcanvasevents.com.|https://raw.githubusercontent.com/ClearCanvas/ClearCanvas/refs/heads/master/README.md|Provides an extensible and robust platform for medical imaging. Software derived from the project is not intended nor licensed for clinical use.|NA|Not explicitly stated for the software itself. Publications mention its use but not a software DOI.|No|
Plastimatch|2025 (last commit)|Application|Imaging and Image Processing|Multiple purpose|Not standard|C++ (primary, inferred from "C++ toolkit" and source analysis), Python (for wrapper, PyPlastimatch)|Not explicitly mentioned, but acknowledgements include NIH/NCI, MGH, MIT, Politecnico di Milano, NSF.|https://plastimatch.gitlab.io/plastimatch. Also plastimatch.org.|"Plastimatch: An open source software suite for radiotherapy image processing" (2010). "plastimatch mabs, an open source software that can be used with any image modality for automatic segmentation".|https://gitlab.com/plastimatch/plastimatch|Google Groups forum: plastimatch@googlegroups.com. Email: gcsharp@partners.org.|https://gitlab.com/plastimatch/plastimatch/-/raw/master/README.md?ref_type=heads|Focuses on high-performance volumetric registration, segmentation, and image processing of volumetric medical images. Supports DICOM and DICOM-RT import/export.|NA|Not explicitly stated for the software itself. Publications mention its use but not a software DOI.|Yes|https://plastimatch.org/_static/plastimatch-banner.png
DICOMpyler|2016 (latest release)|Application|Software Engineering and Data Infrastructure|Multiple purpose|Not explicitly stated|Python (100.0%)|Not explicitly stated, but developers teamed up to form ONCurate.|www.dicompyler.com|Panchal A and Keyes R. "SU-GG-T-260: dicompyler: An Open Source Radiation Therapy Research Platform with a Plugin Architecture" (2010).|https://github.com/bastula/dicompyler|Google Groups discussion forum|https://raw.githubusercontent.com/bastula/dicompyler/refs/heads/master/README.md|Archived by owner on Feb 2, 2022, no longer supported. Built on pydicom, wxPython, Pillow, matplotlib.|NA|10.1118/1.3468652 (for the publication).|Yes|https://www.dicompyler.com/images/dicompyler_icon_64.png
DVH-analytics|2021 (latest release mentioned)|Application|Software Engineering and Data Infrastructure|Multiple purpose|	CC-BY-4.0|Python (100.0%)|Not explicitly stated, but one selected study mentions National Cancer Institute. Developers teamed up to form ONCurate.|https://github.com/cutright/DVH-Analytics|Multiple publications listed, e.g., "DVH Analytics: A DVH database for clinicians and researchers" (2018).|https://github.com/cutright/DVH-Analytics|Issues page on GitHub.|https://raw.githubusercontent.com/cutright/DVH-Analytics/refs/heads/master/README.rst|Public archive, no longer supported as of Feb 2, 2022. Designed for building local database of radiation oncology treatment planning data.|NA|10.1002/acm2.12401 (for the 2018 publication). Other publication DOIs also listed. Zenodo mentions general DOI versioning.|Yes|https://user-images.githubusercontent.com/4778878/92505112-351c7780-f1c9-11ea-9b5c-0de1ad2d131d.png
DVTk|2023|Application|Software Engineering and Data Infrastructure|Multiple purpose|LGPL-2.1-or-later|C++ (42.2%), C# (41.7%), C (12.1%)|Philips Healthcare, Agfa, ICT Group.|www.dvtk.org|"Mastering DICOM with DVTk" (2007).|https://github.com/dvtk-org/DVTk|Not explicitly stated. Specific emails for DVTK Arena: szabo.tamas@dvtk.eu, balogh.annamaria@dvtk.eu, etc. ICT Group for consultancy.|https://raw.githubusercontent.com/dvtk-org/DVTk/refs/heads/master/README.md|DVTk is an open-source project for testing, validating and diagnosing communication protocols and scenarios in medical environments. It supports DICOM, HL7 and IHE integration profiles.|NA|10.1007/s10278-007-9057-0 (for the 2007 publication). |Yes|https://www.dvtk.org/wp-content/themes/dvtk/images/logo-dvtk-new.png
PlatiPy|2024 (latest release)|Library/Toolkit|Imaging and Image Processing|Multiple purpose|Apache-2.0|Python (83.0%), JavaScript (9.0%), Jupyter Notebook (3.9%), HTML (3.2%)|Phillip Chlap (UNSW), Robert Finnegan (University of Sydney)|pyplati.github.io/platipy/|Publication linked via DOI.|https://github.com/pyplati/platipy|phillip.chlap@unsw.edu.au, robert.finnegan@sydney.edu.au|https://raw.githubusercontent.com/pyplati/platipy/refs/heads/master/README.md|Aims to simplify use, visualization, processing, and analysis of medical images. Built on SimpleITK, VTK.|NA|10.21105/joss.05374|No|
Pydicer|2024|Library/Toolkit|Imaging and Image Processing|Multiple purpose|Apache-2.0|Python (99.8%)|Ingham Medical Physics team in South-Western Sydney. Supported by Australian Cancer Data Network and Australian Research Data Commons.|australiancancerdatanetwork.github.io/pydicer/|"PyDicer: An open-source python library for conversion and analysis of radiotherapy DICOM data" (2025).|https://github.com/AustralianCancerDataNetwork/pydicer|phillip.chlap@unsw.edu.au, d.almouiee@gmail.com|https://raw.githubusercontent.com/AustralianCancerDataNetwork/pydicer/refs/heads/main/README.md|Eases conversion of Radiotherapy DICOM data to research-ready format (NIfTI). Provides analysis functionality.|NA|10.1016/j.softx.2024.102010 (for the publication).|No|https://avatars.githubusercontent.com/u/78772028?s=200&v=4
pydicom|2024|Library/Toolkit|Software Engineering and Data Infrastructure|Multiple purpose|MIT|Python (99.9%)|Darcy Mason and contributors. Not explicitly stated for an institution, but hosted under pydicom organization.|pydicom.github.io/pydicom/dev|"SU-E-T-33: pydicom: an open source DICOM library" (2013).|https://github.com/pydicom/pydicom|Google Groups forum. Gitter community.|https://raw.githubusercontent.com/pydicom/pydicom/refs/heads/main/README.md|Reads, modifies, and writes DICOM data in a "pythonic" way. General-purpose framework, does not handle specifics of individual SOP classes.|https://doi.org/10.5281/zenodo.8034250|10.5281/zenodo.8034250|Yes|https://avatars.githubusercontent.com/u/28906941?s=200&v=4
MITK|2025|Application|Imaging and Image Processing|Multiple purpose|BSD-3-Clause|C++ (95.7%), CMake (3.3%), C (0.9%)|German Cancer Research Center (DKFZ)|www.mitk.org|"The medical imaging interaction toolkit" (2005). "Medical Imaging Interaction Toolkit (MITK): A software system for medical image processing and visualization" (2012).|https://github.com/MITK/MITK|mitk AT dkfz.de (for general inquiries, but mailing list preferred for use/dev questions). Mailing list: mitk-users.|https://raw.githubusercontent.com/MITK/MITK/refs/heads/master/README.md|Combines ITK and VTK with an application framework. Aims to reduce effort for interactive medical image analysis applications.|NA|10.1016/j.media.2005.04.005 (for the 2005 publication). Zenodo records for related projects exist, e.g., 10.5281/zenodo.16269478.|Yes|https://avatars.githubusercontent.com/u/793409?s=200&v=4
MIPAV|2024 (latest version)|Application|Imaging and Image Processing|Multiple purpose|Not standard|Java|National Institutes of Health (NIH).|mipav.cit.nih.gov|214 PubMed Mentions. Publications listed include "Volumetric neuroimage analysis extensions for the MIPAV software package" (2007).|Not explicitly stated (no public repository link provided)|mipav-support@nih.gov (for bugs/features). ListServ. Old emails: mcmatt@exchange.nih.gov, bug@mipav.cit.nih.gov, wishlist@mipav.cit.nih.gov.|The MIPAV (Medical Image Processing, Analysis, and Visualization) application enables quantitative analysis and visualization of medical images of numerous modalities such as PET, MRI, CT, or microscopy. Using MIPAV's standard user-interface and analysis tools, researchers at remote sites (via the internet) can easily share research data and analyses, thereby enhancing their ability to research, diagnose, monitor, and treat medical disorders.\n\nMIPAV is a Java application and can be run on any Java-enabled platform such as Windows, UNIX, or Macintosh OS X. MIPAV installers are created using the multi-platform installer builder install4j and the MIPAV codebase is optimized using the Java profiler JProfiler.|Enables quantitative analysis and visualization of medical images. Cross-platform (Java).|NA|Not explicitly stated for the software itself. RRID: SCR_007371. Publications have DOIs. Zenodo mentions general DOI versioning.|Yes|https://mipav.cit.nih.gov/about.asp_files/splash.gif
OnkoDICOM|2021 (first project release)|Application|Imaging and Image Processing|Multiple purpose|	LGPL-2.1-only|Python (uses pydicom, dicompyler-core, PySide6, PIL, matplotlib)|Not explicitly stated (created with Radiation Oncologists).|onkodicom.com.au|Not explicitly stated for the software itself, but mentions "Publications (22) Med-ImageTools" (likely a mistake in snippet for OnkoDICOM).|https://github.com/didymo/OnkoDICOM|Contact form on website.|https://raw.githubusercontent.com/didymo/OnkoDICOM/refs/heads/master/README.md|Cross-platform. Provides DVH output, clinical data capture (radiomics), Pyradiomics output, anonymization, ROI manipulation.|NA|Not explicitly stated for the software itself. Publications mention its use but not a software DOI.|Yes|https://onkodicom.com.au/themes/custom/onkodicom/logo.png
OsiriX|2004 (initial release)|Application|Imaging and Image Processing|Multiple purpose|	LGPL-3.0-or-later|Objective-C (primary), C++, C, Objective-C++|UCLA (original project), LaTour Hospital (Geneva, Switzerland), Pixmeo (company). Cambridge Enterprise (for OSAIRIS AI tool).|www.osirix-viewer.com|"OsiriX: An Open-Source Software for Navigating in Multidimensional DICOM Images" (2004). OSAIRIS AI cancer imaging tool mentioned.|https://github.com/pixmeo/osirix|Contact Pixmeo SARL via form/fax. Email: brc_imaging_ct@cornell.edu (for Horos/Osirix questions at Cornell).|https://raw.githubusercontent.com/pixmeo/osirix/refs/heads/develop/README.md|Widely used DICOM viewer. Supports 2D, 3D, 4D, 5D viewing.|NA|Not explicitly stated for the open-source software itself. Publications have DOIs. Zenodo mentions general DOI versioning.|Yes|https://www.osirix-viewer.com/wp2015/wp-content/uploads/2022/03/OsiriXLogo.png
ROE|2023 (publication date)|Script/Plugin|Treatment Planning and dosimetry|Multiple purpose|	LGPL-3.0-or-later|MATLAB (primary), accessible in GNU Octave and Python|Memorial Sloan Kettering Cancer Center (MSKCC)|Not explicitly stated (available as a CERR module).|"ROE (Radiotherapy Outcomes Estimator): An open-source tool for optimizing radiotherapy prescriptions" (2023).|https://github.com/cerr/CERR.git|iyera@mskcc.org|https://raw.githubusercontent.com/cerr/CERR/refs/heads/master/README.md|Designed for patient-specific prescription determination using personalized dose-response curves. Visualizes TCP and NTCP.|NA|https://doi.org/10.1016/j.cmpb.2023.107833|No|
ApertureComplexity|2017-2018 (copyright/initial development)|Script/Plugin|Treatment Planning and dosimetry|Photons|	GPL-3.0|Python (100.0%)|University of Michigan, Radiation Oncology|https://github.com/victorgabr/ApertureComplexity|"Predicting deliverability of volumetric-modulated arc therapy (VMAT) plans using aperture complexity analysis" (2016) (study used the original script).|https://github.com/victorgabr/ApertureComplexity|Victor Gabriel Leandro Alves (victorgabr on GitHub), Brian Mark Anderson (brianmanderson on GitHub).|https://raw.githubusercontent.com/victorgabr/ApertureComplexity/refs/heads/master/README.md|Contains complete functionality of aperture complexity analysis. Extends methodology to any TPS exporting DICOM-RP.|NA|Not explicitly stated for the software itself. Publication DOI is 10.1120/jacmp.v17i4.6241. Other related DOIs: 10.2478/raon-2021-0046. Zenodo mentions general DOI versioning.|No|
BeamSchemeV1|2008 (initial version) / 2025 (latest release)|Application|Treatment Planning and dosimetry|Photons|Unspecified (available in licence.txt but inaccessible).|Pascal (91.1%), JavaScript (5.4%), CSS (3.5%)|Not explicitly stated (copyright by "AC Chamberlain"). Mentions "university course name Medical Physics".|beamschemev1.readthedocs.io/en/latest/|No specific publications listed for BeamSchemeV1 itself.|https://github.com/alanphys/BeamSchemeV1|No specific contact information provided.|https://raw.githubusercontent.com/alanphys/BeamSchemeV1/refs/heads/master/readme.txt|Assists in extracting 1D profiles from 2D datasets. Calculates over 90 different parameters.|NA|Not explicitly stated for the software itself. Zenodo mentions general DOI versioning for software.|No|
CIL|2025 (latest release)|Application|Imaging and Image Processing|Multiple purpose|Apache-2.0|Python (97.7%), C++ (1.4%), C (0.3%), CMake (0.3%)|Collaborative Computational Project in Tomographic Imaging (CCPi) (implied)|tomographicimaging.github.io/CIL/|Multiple publications listed, e.g., "Core Imaging Library (CIL) Zenodo" (2023). "Core Imaging Library - Part I: a versatile Python framework for tomographic imaging" (2021).|https://github.com/TomographicImaging/CIL|Not explicitly stated|https://raw.githubusercontent.com/TomographicImaging/CIL/refs/heads/master/README.md|Provides modular optimisation framework for prototyping reconstruction methods. Tools for loading, preprocessing, visualising tomographic data.|NA|10.5281/zenodo.4746198 (for the software archive)|Yes|https://avatars.githubusercontent.com/u/83641859?s=48&v=4
ClinicalTemplateReader|2025 (copyright in footer of article) / 2022 (publication date of related paper)|Script/Plugin|Clinical workflow and applications|Photons|Unspecified (license file present but content not detailed)|C# (100.0%)|Washington University in St. Louis - Clinical Development (WUSTL-ClinicalDev)|https://github.com/WUSTL-ClinicalDev/ClinicalTemplateReader|"Clinical Template Reader" (software citation, 2020) and "Development and implementation of an open source template interpretation class library for automated treatment planning" (2022).|https://github.com/WUSTL-ClinicalDev/ClinicalTemplateReader|Not explicitly stated|https://raw.githubusercontent.com/WUSTL-ClinicalDev/ClinicalTemplateReader/refs/heads/master/README.md|Tool for automated planning in Eclipse. Supports different Eclipse versions.|NA|Not explicitly stated for the software itself. Publication DOI: 10.1016/j.prro.2021.11.004. Other related DOIs: 10.1002/acm2.13837. Zenodo mentions other template DOIs, e.g., 10.5281/zenodo.10933642.|No|
conehead|Not specified (copyright 2017-2018 for related project)|Script/Plugin|Treatment Planning and dosimetry|Photons|MIT|Jupyter Notebook (63.5%), Python (32.6%), Cython (3.9%)|Not explicitly stated|https://github.com/samuelpeet/conehead|Inspiration drawn from Cho et al (2012) and Yang et al (2002). Related academic papers on radiotherapy, CBCT, AI.|https://github.com/samuelpeet/conehead|Not explicitly stated (suggests GitHub issues for contact). Related Cone Health for clinical services.|https://raw.githubusercontent.com/samuelpeet/conehead/refs/heads/main/README.md|Early experimental development, code expected to change dramatically. Uses Python/Cython.|NA|Not explicitly stated for the software itself. Publication DOI for related work: 10.1186/s13014-021-01866-7. Zenodo records for CBCT datasets exist, e.g., 10.5281/zenodo.14918089.|No|
cornerstone3D|2026 (latest release)|Application|Software Engineering and Data Infrastructure|Photons|MIT|JavaScript (75.0%), HTML (23.0%), TypeScript (1.6%)|Not explicitly stated, but started by Chris Hafey. Supported by Open Health Imaging Foundation.|https://cornerstonejs.org/|No specific publications listed for the library itself. Related academic papers on medical imaging, deep learning.|https://github.com/cornerstonejs/cornerstone3D|Chris Hafey (chafey@gmail.com). Google groups forum. OHIFViewer contact@ohif.org.|https://raw.githubusercontent.com/cornerstonejs/cornerstone3D/refs/heads/main/README.md|Cornerstone is a set of JavaScript libraries that can be used to build web-based medical imaging applications. It provides a framework to build radiology applications such as the OHIF Viewer.|NA|Not explicitly stated for the software itself. Zenodo mentions other Cornerstone3D DOIs, e.g., 10.5281/zenodo.14918089 (dataset).|No|
deid|Not explicitly stated (copyright 2025 for GitHub)|Library/Toolkit|Software Engineering and Data Infrastructure|Multiple purpose|MIT|Python (99.9%), Dockerfile (0.1%)|Not explicitly stated (hosted under pydicom organization)|pydicom.github.io/deid/|No specific publications listed for the software itself.|https://github.com/pydicom/deid|Issues board on GitHub.|https://raw.githubusercontent.com/pydicom/deid/refs/heads/master/README.md|Aims to provide best effort anonymization for medical images. Mirrors CTP cleaning method.|NA|DOI badge links to zenodo.org/badge/latestdoi/94163984.|No|https://avatars.githubusercontent.com/u/28906941?s=200&v=4
dicomParser|2023 (latest release)|Library/Toolkit|Software Engineering and Data Infrastructure|Multiple purpose|MIT|JavaScript (100.0%)|Chris Hafey (author). Hosted under cornerstonejs organization.|https://github.com/cornerstonejs/dicomParser|No specific publications listed for the library itself. Related academic papers on web access to DICOM repositories.|https://github.com/cornerstonejs/dicomParser|Chris Hafey (chafey@gmail.com). Google Groups forum.|https://raw.githubusercontent.com/cornerstonejs/dicomParser/refs/heads/master/README.md|Lightweight library for parsing DICOM P10 byte streams. Fast, easy to use, no external dependencies.|NA|Not explicitly stated for the software itself. Publications mention its use but not a software DOI.|Yes|https://avatars.githubusercontent.com/u/34072764?s=200&v=4
DLTK|2017 (publication related to DLTK)|Library/Toolkit|Artificial Intelligence|Multiple purpose|Apache-2.0|Python (100.0%)|DLTK Team. Authors from Imperial College London.|dltk.github.io/|"DLTK: State of the Art Reference Implementations for Deep Learning on Medical Images" (2017).|https://github.com/DLTK/DLTK|np716@imperial.ac.uk (for Nick Pawlowski, author).|https://raw.githubusercontent.com/DLTK/DLTK/refs/heads/master/README.md|Aims to enable fast prototyping with low entry threshold and ensure reproducibility in image analysis applications. Provides a Model Zoo.|NA|Not explicitly stated for the software itself. Publication DOI: arXiv:1711.06853. Zenodo records for related projects exist, e.g., 10.5281/zenodo.1495335.|Yes|https://dltk.github.io/img/logo_v7_bw_NOTEXT.svg
ESAPIX|Not explicitly stated (no releases published)|Script/Plugin|Software Engineering and Data Infrastructure|Photons|MIT|C# (63.7%), CSS (26.9%), JavaScript (8.7%), HTML (0.7%)|Not explicitly stated (no affiliation with Varian Medical Systems). Publisher: Rex Cardan PhD.|https://github.com/rexcardan/ESAPIX|No publications listed in. Related academic papers on Eclipse Scripting API and automated planning.|https://github.com/rexcardan/ESAPIX|info@esapix.com.|https://raw.githubusercontent.com/rexcardan/ESAPIX/refs/heads/master/README.md|Provides extra methods and bootstrapping frameworks for Varian Eclipse Scripting API. Implements multithreading, asynchronous calls, debugging plugins.|NA|Not explicitly stated for the software itself. Zenodo mentions general DOI versioning.|Yes|https://rexcardan.github.io/ESAPIX/logo.png
Evil-DICOM|2015 (copyright)|Library/Toolkit|Software Engineering and Data Infrastructure|Multiple purpose|MIT|C# (97.7%), CSS (1.7%), JavaScript (0.6%)|Not explicitly stated (developed by Rex Cardan).|http://rexcardan.github.io/Evil-DICOM/|Multiple publications listed where it has been used/featured.|https://github.com/rexcardan/Evil-DICOM|Not explicitly stated (GitHub issues/pull requests implied). SourceForge mentions maintainers.|https://raw.githubusercontent.com/rexcardan/Evil-DICOM/refs/heads/master/README.md|Simple-to-use Clibrary for reading and manipulating DICOM files. Dot Net Standard Compliant.|NA|Not explicitly stated for the software itself. Publications mention its use but not a software DOI.|Yes|https://github.com/rexcardan/Evil-DICOM/raw/master/docs/images/evilDicomLogo.png
flashgamma|Not explicitly stated (publication 2020)|Library/Toolkit|Quality Assurance|Multiple purpose|MIT|Python (100.0%)|Not explicitly stated|https://github.com/samuelpeet/flashgamma|"Exploring the gamma surface: A new method for visualising modulated radiotherapy quality assurance results" (2020).|https://github.com/samuelpeet/flashgamma|Not explicitly stated (Piwheels.org mentions contact for project).|https://raw.githubusercontent.com/samuelpeet/flashgamma/refs/heads/master/README.md|Code written for personal educational purposes. Performed similarly to proprietary gamma analysis codes internally, but not guaranteed bug-free.|NA|Not explicitly stated for the software itself. Publication DOI: 10.1016/j.ejmp.2020.09.021. Zenodo mentions general DOI versioning.|No|
fo-dicom|2025|Library/Toolkit|Software Engineering and Data Infrastructure|Multiple purpose|	MS-PL|C# (100.0%)|Not explicitly stated (GitHub organization fo-dicom). Codecs developed by Efferent Health.|fo-dicom.github.io/stable/v5/index.html|No specific academic publications listed for the library itself.|https://github.com/fo-dicom/fo-dicom|Not explicitly stated (GitHub issues/pull requests/discussions implied). Google Groups forum.|https://raw.githubusercontent.com/fo-dicom/fo-dicom/refs/heads/development/README.md|Targets.NET Standard 2.0. High-performance, asynchronous API.|NA|Not explicitly stated for the software itself. Zenodo mentions general DOI versioning.|Yes|https://avatars.githubusercontent.com/u/12371708?s=200&v=4
med-imagetools|2025 (latest published version)|Library/Toolkit|Imaging and Image Processing|Multiple purpose|MIT|Python (83.8%), Jupyter Notebook (16.1%), Dockerfile (0.1%)|Not explicitly stated, but authors from Princess Margaret Cancer Centre, University Health Network, IIT Madras, University of Toronto.|bhklab.github.io/med-imagetools|"Med-ImageTools: An open-source Python package for robust data processing pipelines and curating medical imaging data" (2023/2025).|https://github.com/bhklab/med-imagetools|Sejin Kim, Michal Kazmierski, Kevin Qu, Jacob Peoples, Minoru Nakano, Vishwesh Ramanathan, Joseph Marsilla, Mattea Welch, Amber Simpson, Benjamin Haibe-Kains (benjamin.haibe.kains@utoronto.ca).|https://raw.githubusercontent.com/bhklab/med-imagetools/refs/heads/main/README.md|Aims to provide transparent and reproducible medical image processing pipelines in Python. Focuses on subject-based machine learning and processing DICOMs into deep learning-ready format.|NA|Not explicitly stated for the software itself, but a DOI Status badge is present. Related publication DOI: 10.12688/f1000research.127142.3. Zenodo records for related projects exist, e.g., 10.5281/zenodo.16617216.|No|
mri_distortion_toolkit|Feb 21, 2024 (latest release) |Library/Toolkit|Imaging and Image Processing|Multiple purpose|GPL-3.0|Python (89.5%), R (7.2%), Jupyter Notebook (2.8%) / HTML (94.3%) Python (3.0%) CSS (2.3%) Other (0.4%)|The Image X Institute, University of Sydney|https://github.com/Image-X-Institute/mri_distortion_toolkit|Not explicitly stated|https://github.com/Image-X-Institute/mri_distortion_toolkit|Not explicitly stated|https://raw.githubusercontent.com/Image-X-Institute/mri_distortion_toolkit/refs/heads/main/README.md|A toolkit to correct geometric distortion in MR images. Includes tools for converting DICOM to NIfTI, and generating distortion correction maps.|NA|Not explicitly stated|No|https://avatars.githubusercontent.com/u/77604301?s=200&v=4
mudicom|2024|Library/Toolkit|Imaging and Image Processing|Multiple purpose|MIT|Python (100.0%)|Not explicitly stated|Not explicitly stated|Not explicitly stated|https://github.com/neurosnap/mudicom|Not explicitly stated|http://raw.githubusercontent.com/neurosnap/mudicom/refs/heads/master/README.rst|A Python library for interacting with DICOM files. Provides a simpler, more intuitive interface than other libraries.|NA|Not explicitly stated|No|
ParticlePhaseSpace|2018 (first commit) - 2023 first release|Library/Toolkit|Treatment Planning and dosimetry|Multiple purpose|GPL-3.0|Python (99.1%) Other (0.9%)|University of Sydney, Royal Prince Alfred Hospital, Australian Cancer Research Foundation|Not explicitly stated|Not explicitly stated|https://github.com/bwheelz36/ParticlePhaseSpace|Not explicitly stated|https://raw.githubusercontent.com/bwheelz36/ParticlePhaseSpace/refs/heads/main/README.md|A set of tools for processing and analysing particle phase space files. Designed for use with Monte Carlo simulations, particularly for proton therapy.|NA|Not explicitly stated|No|
pyESAPI|July 20 2024|Script/Plugin|Software Engineering and Data Infrastructure|Photons|MIT|Python (100.0%)|Varian Medical Systems|https://pyesapi.readthedocs.io/en/latest/|Not explicitly stated|https://github.com/VarianAPIs/PyESAPI|Not explicitly stated|https://raw.githubusercontent.com/VarianAPIs/PyESAPI/refs/heads/master/README.md|A Python wrapper for the Varian Eclipse Scripting API (ESAPI). Allows scripting of Eclipse functions using Python.|NA|Not explicitly stated|No|
pymcc|May 14 2024|Library/Toolkit|Treatment Planning and dosimetry|Photons|MIT|Python (100.0%)|Not explicitly stated|Not explicitly stated|Not explicitly stated|https://github.com/tbezo/pymcc|Not explicitly stated|https://raw.githubusercontent.com/tbezo/pymcc/refs/heads/main/README.md|Module that reads PTW mephisto mcc files from watertank scans or array files. pymcc relies on Pandas and uses a Pandas DataFrame to store the measurement values within the class objects.|NA|Not explicitly stated|No|
pynetdicom|02 Aug 2024|Library/Toolkit|Software Engineering and Data Infrastructure|Multiple purpose|MIT|Python (99.8%), Shell (0.2%)|Not explicitly stated (hosted under pydicom organization)|https://pydicom.github.io/pynetdicom/|Not explicitly stated|https://github.com/pydicom/pynetdicom|Not explicitly stated|https://raw.githubusercontent.com/pydicom/pynetdicom/refs/heads/main/README.rst|A Python library for DICOM network communication. Implements the DICOM network protocol to allow sending and receiving DICOM files.|NA|Not explicitly stated|Yes|https://pydicom.github.io/pynetdicom/stable/_static/pydicom_flat_black.svg
RTToolbox|May 23 2019|Library/Toolkit|Treatment Planning and dosimetry|Multiple purpose|BSD-3-Clause|C++ (91.8%), CMake (7.8), C(0.4%)|German Cancer Research Center (DKFZ)|https://www.dkfz-heidelberg.de/en/mic/research/SIDT/sidt_projects.html |Not explicitly stated|https://github.com/MIC-DKFZ/RTTB|rttb@dkfz.de|https://raw.githubusercontent.com/MIC-DKFZ/RTTB/refs/heads/master/README.md|RTToolbox is a software library to support quantitative analysis of treatment outcome for radiotherapy.|NA|Not explicitly stated|No|
TOPASopt|Jan 2 2025|Script/Plugin|Treatment Planning and dosimetry|Multiple purpose|MIT|Python (91,3%), PLSQL (7.5%), Other (1.2%)|The Image X Institute, University of Sydney|Not explicitly stated|https://doi.org/10.1002/mp.16126|https://github.com/Image-X-Institute/TopasOpt|Not explicitly stated|https://raw.githubusercontent.com/Image-X-Institute/TopasOpt/refs/heads/master/README.md|A toolkit for performing optimization with the TOPAS Monte Carlo simulation package. Includes tools for running simulations and analyzing results.|NA|Not explicitly stated|Yes|https://avatars.githubusercontent.com/u/77604301?s=200&v=4
TrajectoryLog.NET|Not stated|Library/Toolkit|Treatment Planning and dosimetry|Photons|Not cleary specified|C# (100.0%)|Washington University in St. Louis - Clinical Development|Not explicitly stated|Not explicitly stated|https://github.com/WUSTL-ClinicalDev/TrajectoryLog.NET|matthew.schmidt@wustl.edu.|https://raw.githubusercontent.com/WUSTL-ClinicalDev/TrajectoryLog.NET/refs/heads/master/README.md|A Clibrary for reading and parsing Varian Eclipse trajectory log files. Provides a clear and simple API for accessing log data.|NA|Not explicitly stated|No|
Bistromath|May 29 2024|Application|Treatment Planning and dosimetry|Photons|not standard|Not explitely stated|Not explicitly stated|https://bistromath.kegge13.nl/|Not explicitly stated|Not explicitly stated|bistromath@kegge13.nl|BistroMath is designed as add-on to the measuring software of water phantom systems used in radiotherapy.\nThe program hooks up to the chain of clipboard viewers and thus analyses all information which is placed on the clipboard. Alternatively, files from disk can be opened. When a measurement is copied from the water phantom system, the data will be found as valid profile data by BistroMath. For a inline/crossline scan always the correct 50% (or edge) positions are detected, including profiles fully outside the main axis when analysis with currently available software is impossible or wrong.\nAny profile may be stored as reference. When available and if configured, the measurement will be divided by the reference profile. Inline/crossline reference profiles are resampled to the measurement grid and aligned with the measurement. Thus differences with respect to a reference curve can be studied in great detail. Comparison can be improved by correcting symmetry errors in the reference. This behavior is fully configurable.\nBistroMath can read profiles from PTW (including MCC), Sun Nuclear and IBA systems (including RFA300 and the binary RFB-format). Also, Schuster BMS-profiles, PIPS-profiles and the Scanditronix file types .wtx and .wda can be read in this version. For selected 2D-arrays (at this moment only the Starcheck-Maxi) a multi-profile reference can be used.\nThere is also an extensive selftest which can be used as a demo. The program proves to work fine on Windows XP and Windows 7/64.|BistroMath is designed as add-on to the measuring software of water phantom systems used in radiotherapy.|NA|No|No|
ctqa|Mar 16 2020|Library/Toolkit|Quality Assurance|Multiple purpose|MIT|Python (99.9%), Batchfile (0.1%)|Not explicitly stated (Brikwerk)|Not explicitly stated|Not explicitly stated|https://github.com/Brikwerk/ctqa|mail@reecewal.sh|https://raw.githubusercontent.com/Brikwerk/ctqa/refs/heads/master/README.md|A Python-based toolkit for CT Quality Assurance (QA). Provides tools for performing common QA tests and generating reports.|NA|Not explicitly stated|No|
DicomCleaner|Not specified|Application|Software Engineering and Data Infrastructure|Multiple purpose|Open source, not specified|Java|David A. Clunie|http://www.dclunie.com/pixelmed/software/webstart/DicomCleanerUsage.html|Not explicitly stated|No|dclunie@dclunie.com|DicomCleaner™ is a free open source tool with a user interface for importing, "cleaning" and saving sets of DICOM instances (files). It can:\n\n- Import files from a CD or the local hard drive or a shared network drive or any other media, with or without a DICOMDIR\n- Query and retrieve from remote DICOM devices\n- "Clean" the DICOM "header" of a selected set of instances\n- Blackout burned in annotations in the pixel data of the cleaned files\n- Export the cleaned instances to a folder with a DICOMDIR, which can be burned to a CD or DVD\n- Send the cleaned instances over the network to a remote DICOM device|A Java application for cleaning and anonymizing DICOM files. Provided as a webstart application.|NA|Not explicitly stated|Yes|http://www.dclunie.com/pixelmed/software/webstart/icons/DicomCleaner.png
DicomClient|May 18 2023|Application|Software Engineering and Data Infrastructure|Multiple purpose|Apache-2.0|Java (98.4%), HTML (1.4%), Other (0.2%)|umich.edu|Not explicitly stated|Not explicitly stated|https://github.com/irrer/DICOMClient|irrer@umich.edu|https://raw.githubusercontent.com/irrer/DICOMClient/refs/heads/master/README.md|A DICOM client application for sending and receiving DICOM files over a network. Designed for simple and easy DICOM communication.|NA|Not explicitly stated|Yes|https://github.com/irrer/DICOMClient/raw/master/docs/images/DICOM%2B128x128.png
dicomutils|not stated|Application|Software Engineering and Data Infrastructure|Multiple purpose|Not stated|Python (98.8%), Other (1.2%)|RaySearch Laboratories|https://github.com/raysearchlabs/dicomutils|Not explicitly stated|https://github.com/raysearchlabs/dicomutils|Not explicitly stated|https://raw.githubusercontent.com/RaySearchLabsPublic/dicomutils/refs/heads/master/README.md|A Python library providing various utilities for working with DICOM files. Aims to simplify common DICOM tasks.|NA|Not explicitly stated|No|
EasyPACS|not specified|Application|Software Engineering and Data Infrastructure|Multiple purpose|Not specified|JavaScript (46.6%), CSS (28.7%), Java (17.4%), HTML (7,3%)|Not explicitly stated|http://mehmetsen80.github.io/EasyPACS/|Not explicitly stated|https://github.com/mehmetsen80/EasyPACS|Not explicitly stated|https://raw.githubusercontent.com/mehmetsen80/EasyPACS/refs/heads/master/README.md|EasyPACS is the simpliest PACS server for your dicom files. It uses DCM4CHEE listener and converts dicom files into jpegs.|NA|Not explicitly stated|No|
Fabolous-v16|Jun 9 2025|Application|Software Engineering and Data Infrastructure|Photons|Not explicitly stated|C# (100.0%)|Not explicitly stated|Not explicitly stated|Not explicitly stated|https://github.com/nsmela/Fabolus|Not explicitly stated|https://raw.githubusercontent.com/nsmela/Fabolus/refs/heads/master/README.md|Fabolus is a Windows-based app designed to assist radiation therapy prepare bolus meshes for 3D printing|NA|Not explicitly stated|No|
LinacQA|Aug 2025 last update on GitHub|Application|Quality Assurance|Photons|LinaQA copyright 2024-2025 AC Chamberlain. All rights reserved.|Python (100.0%)|Not explicitly stated (copyright by A C Chamberlain)|https://github.com/alanphys/LinaQA|Not explicitly stated|https://github.com/alanphys/LinaQA|Not explicitly stated|https://raw.githubusercontent.com/alanphys/LinaQA/refs/heads/master/readme.txt|LinaQA (pronounced Linakwa) is a GUI frontend for pylinac and pydicom.|NA|Not explicitly stated|No|
MAAS-PlanScoreCard|Jun 19 2025|Script/Plugin|Treatment Planning and dosimetry|Photons|VARIAN LIMITED USE SOFTWARE LICENSE AGREEMENT|C# (100.0%)|Varian Medical Affairs Applied Solutions (MAAS)|https://github.com/Varian-MedicalAffairsAppliedSolutions/MAAS-PlanScoreCard|Not explicitly stated|https://github.com/Varian-MedicalAffairsAppliedSolutions/MAAS-PlanScoreCard|Not explicitly stated|https://raw.githubusercontent.com/Varian-MedicalAffairsAppliedSolutions/MAAS-PlanScoreCard/refs/heads/main/README.md|A Varian Eclipse scripting plugin to generate a 'scorecard' for treatment plan quality. Assesses plan quality based on pre-defined metrics.|NA|Not explicitly stated|No|
MUSIMAN|Jun 22 2017|Script/Plugin|Treatment Planning and dosimetry|Multiple purpose|Not explicitly stated|Matlab (100%)|Not explicitly stated|Not explicitly stated|A. Badal and J. Sempau. A package of Linux scripts for the parallelization of Monte Carlo simulations. Comput. Phys. Commun., 175(6):440–450, 2006.|https://github.com/marcelinohermida/MUSIMAN|Not explicitly stated|https://raw.githubusercontent.com/marcelinohermida/MUSIMAN/refs/heads/master/README.md|In summary, the MUSIMAN package is a software tool to ease the parallelization of simulations run with the Monte Carlo code PENELOPE 2014|NA|Not explicitly stated|No|
OMG Dosimetry|Dec 27 2023|Library/Toolkit|Quality Assurance|Multiple purpose|MIT|Python (99.8%), Batchfile (0.2%)|Not explicitly stated|https://omg-dosimetry.readthedocs.io/en/latest/|Not explicitly stated|https://github.com/jfcabana/omg_dosimetry|Not explicitly stated|https://raw.githubusercontent.com/jfcabana/omg_dosimetry/refs/heads/OMG_master/README.rst|A Python package for performing dosimetry calculations and quality assurance tests. Provides a simple API for common dosimetry tasks.|NA|Not explicitly stated|Yes|https://raw.githubusercontent.com/jfcabana/omg_dosimetry/OMG_master/src/omg_dosimetry/OMG_Logo.png
PDFtoAria|Last update 3 years ago|Script/Plugin|Software Engineering and Data Infrastructure|Photons|MIT|C# (100.0 %)|Not explicitly stated (LDClark)|Not explicitly stated|Not explicitly stated|https://github.com/LDClark/PDFtoAria|Not explicitly stated|https://raw.githubusercontent.com/LDClark/PDFtoAria/refs/heads/main/README.md|A Cscript for converting PDF documents into a format that can be imported into Varian ARIA. Automates the process of adding documents to ARIA.|NA|Not explicitly stated|No|
PlanCheck|Oct 15 2020|Script/Plugin|Quality Assurance|Photons|MIT|C# (100.0 %)|Not explicitly stated (LDClark)|Not explicitly stated|Not explicitly stated|https://github.com/LDClark/PlanCheck|Not explicitly stated|https://raw.githubusercontent.com/LDClark/PlanCheck/refs/heads/master/README.md|A Varian Eclipse scripting plugin for treatment plan verification. Automates the process of checking a plan against a set of rules.|NA|Not explicitly stated|No|
PyBeam-QA|Last tag Jun 9 2024|Application|Quality Assurance|Photons|GPL-3.0|Python (99.9%), Other (0.1%)|Not explicitly stated (Quantico-Bullet)|Not explicitly stated|Not explicitly stated|https://github.com/Quantico-Bullet/PyBeam-QA|Not explicitly stated|https://raw.githubusercontent.com/Quantico-Bullet/PyBeam-QA/refs/heads/main/README.md|A Python library for performing beam quality assurance tests in radiotherapy. The software is in an early stage of development.|NA|Not explicitly stated|Yes|https://raw.githubusercontent.com/Quantico-Bullet/PyBeam-QA/main/ui/qt_ui/icons/ic_app_alt.svg
pyQAserver|Nov 3 2020|Application|Quality Assurance|Photons|MIT|Python (56.3%), Smarty (36%), JavaScript (7.6%), Other (0.1%)|Not explicitly stated|https://pyqaserver.readthedocs.io/en/latest/|Not explicitly stated|https://github.com/brjdenis/pyqaserver|Not explicitly stated|https://raw.githubusercontent.com/brjdenis/pyqaserver/refs/heads/master/README.md|A Python-based server for performing Quality Assurance tests. Provides a web interface for managing and running tests.|NA|Not explicitly stated|No|
QALMA|Last commit 4 years ago|Application|Quality Assurance|Photons|GPL-3.0|Matlab (100%)|Not explicitly stated (mrmushfiq)|https://github.com/mrmushfiq/qalma|https://doi.org/10.1016/j.softx.2018.03.003|https://github.com/mrmushfiq/qalma|Not explicitly stated|https://raw.githubusercontent.com/mrmushfiq/qalma/refs/heads/master/README.md|A Matlab based toolkit with GUI for quantitative analysis of Quality Assurance tests for Medical Linear Accelerators in Radiation Therapy.|NA|Not explicitly stated|No|
QATrack+|Aug 2025|Application|Quality Assurance|Photons|MIT|JavaScript (42.1%), Python (40.7%), HTML (10.1%), CSS (6.9%), Shell (0.1%), SCSS (0.1%)|Not explicitly stated|https://qatrackplus.com/|Not explicitly stated|https://github.com/qatrackplus/qatrackplus|randy@randlet.com|https://raw.githubusercontent.com/qatrackplus/qatrackplus/refs/heads/master/README.md|QATrack+ is a fully configurable, free, and open source (MIT License) web application for managing QA data for radiation therapy and medical imaging equipment|NA|Not explicitly stated|No|
Sentinel|Mar 21 2025|Application|Quality Assurance|Photons|Apache-2.0|HTML (100.0%)|IsoAnalytica, LLC|Not explicitly stated|Not explicitly stated|https://github.com/IsoAnalytica/Sentinel-Public|info@efilmqa.com|https://raw.githubusercontent.com/IsoAnalytica/Sentinel-Public/refs/heads/main/README.md|Sentinel is an automated log-file analysis application for Varian linacs (TrueBeam, Halcyon, Edge).|NA|Not explicitly stated|No|
SIRF|Jul 25 2024|Application|Imaging and Image Processing|Multiple purpose|Apache-2.0|C++ (59.5%), Python (19.3%), Matlab (14.4%), CMake (4.4%), C (1.5%), Shell (0.9%)|SyneRBI, University College London|https://www.ccpsynerbi.ac.uk/|Not explicitly stated|https://github.com/SyneRBI/SIRF|tomography@stfc.ac.uk|https://raw.githubusercontent.com/SyneRBI/SIRF/refs/heads/master/README.md|This software is the main output of SyneRBI, the Collaborative Computational Platform for Synergistic Reconstruction for Biomedical Imaging (formerly CCP PETMR).|NA|Not explicitly stated|No|
STIR|Jun 23 2024|Application|Imaging and Image Processing|Multiple purpose|Apache-2.0|C++ (63.5%), Verilog (30.1%), C(2.0%), Shell (1.5%), CMake (0.9%), Python (0.9%), Other (1.1%)|Not explicitly stated (hosted under UCL organization)|http://stir.sourceforge.net/|Not explicitly stated|https://github.com/UCL/STIR|stir@asc.uk.com|https://raw.githubusercontent.com/UCL/STIR/refs/heads/master/README.md|A software package for tomographic image reconstruction. Primarily used for PET and SPECT.|NA|Not explicitly stated|Yes|https://stir.sourceforge.net/images/stir_logo_lr.jpg
VarianESAPI-EQD2Converter|Jan 1 2022|Script/Plugin|Treatment Planning and dosimetry|Photons|MIT|C# (100%)|Not explicitly stated (brjdenis)|Not explicitly stated|Not explicitly stated|https://github.com/brjdenis/VarianESAPI-EQD2Converter|Not explicitly stated|https://raw.githubusercontent.com/brjdenis/VarianESAPI-EQD2Converter/refs/heads/master/README.md|A Varian Eclipse scripting plugin for converting dose to EQD2 (equivalent dose in 2 Gy fractions). Automates the calculation of EQD2 for plans.|NA|Not explicitly stated|No|
VarianESAPI-FieldEditor|Jan 28 2022|Script/Plugin|Treatment Planning and dosimetry|Photons|MIT|C# (100%)|Not explicitly stated (brjdenis)|Not explicitly stated|Not explicitly stated|https://github.com/brjdenis/VarianESAPI-FieldEditor|Not explicitly stated|https://raw.githubusercontent.com/brjdenis/VarianESAPI-FieldEditor/refs/heads/master/README.md|A Varian Eclipse scripting plugin for editing treatment fields. Provides a graphical interface for modifying field shapes and parameters.|NA|Not explicitly stated|No|
VarianESAPI-HalcyonGantryAngle|Nov 12 2021|Script/Plugin|Treatment Planning and dosimetry|Photons|MIT|C# (100%)|Not explicitly stated (brjdenis)|Not explicitly stated|Not explicitly stated|https://github.com/brjdenis/VarianESAPI-HalcyonGantryAngle|Not explicitly stated|https://raw.githubusercontent.com/brjdenis/VarianESAPI-HalcyonGantryAngle/refs/heads/master/README.md|A Varian Eclipse scripting plugin for Halcyon gantry angle calculation. Automates the calculation of gantry angles for Halcyon plans.|NA|Not explicitly stated|No|
dicom4che|Jun 24 2025|Library/Toolkit|Software Engineering and Data Infrastructure|Multiple purpose|	MPL-2.0|Java (74.7%), Smarty (16.9%), XSLT (4.6%), Shell (2.1%), Batchfile (1.7%), sed (0.0%)|Not explicitly stated|https://www.dcm4che.org/|Not explicitly stated|https://github.com/dcm4che/dcm4che|Not explicitly stated|https://raw.githubusercontent.com/dcm4che/dcm4che/refs/heads/master/README.md|dcm4che is a Java-based library and set of tools for working with DICOM files. It provides functionalities for reading, writing, and manipulating DICOM data, making it a valuable resource for developers and researchers working with medical imaging.|NA|Not explicitly stated|No|
PlanUNC|2016 (latest release)|Application|Software Engineering and Data Infrastructure|Photons|Not explicitly stated|Not explicitly stated|Not explicitly stated|Not explicitly stated|Not explicitly stated|Not explicitly stated|Not explicitly stated|PLanUNC (PLUNC) is a portable, adaptable, and extensible set of software tools for radiotherapy treatment planning (RTP) that has been under active development in the Department of Radiation Oncology at the University of North Carolina (UNC) for approximately 20 years. In 1992, development work branched into separate paths at UNC (PLanUNC) and Sherouse Systems, Inc. (GRATISTM). The current UNC tools encompass the full range of RTP functions including image importing and processing, virtual simulation, dose calculation, plan evaluation, and planning for intensity modulated radiotherapy. PLanUNC source code and related software are licensed without fee to qualified facilities to support research involving new methods for planning and delivering radiation therapy, and to support RTP training for dosimetrists, physicists, radiation therapists, and radiation oncology residents. Research milestones of the development and application of PLanUNC can be found on the PlanUNC History Page.|A program for performing dosimetry calculations in radiotherapy. The program is proprietary and not open source.|NA|Not explicitly stated|No|
UCoMX|Jun 16 2025|Application|Treatment Planning and dosimetry|Photons|Not explicitly stated|Matlab (100%)|Veneto Institute of Oncology IOV-IRCCS|https://zenodo.org/records/15673571|https://doi.org/10.1002/mp.17365|Not explicitly stated|ucomx@iov.veneto.it|UCoMX (Universal Complexity Metrics Extractor) is a novel software package designed to extract complexity metrics from DICOM-RT plan files of radiotherapy treatment plans. The tool is platform-agnostic, engineered to seamlessly operate with DICOM-RT plan files created using diverse commercially available TPSs across various treatment units. UCoMX is freely available and complemented by a dataset that can be used as reference for future comparisons, and a detailed User's Manual.\n\nPlease, refer to the related Technical Note on Medical Physics for further details. |UCoMX (Universal Complexity Metrics Extractor) is a novel software package designed to extract complexity metrics from DICOM-RT plan files of radiotherapy treatment plans. The tool is platform-agnostic, engineered to seamlessly operate with DICOM-RT plan files created using diverse commercially…|https://doi.org/10.5281/zenodo.15673571|https://doi.org/10.5281/zenodo.15673571|Yes|
MatRad|2015|Application|Treatment Planning and dosimetry|Multiple purpose|	GPL-3.0-only|Matlab|Division of Medical Physics in Radiation Oncology at the German Cancer Research Center DKFZ|http://www.matrad.org|https://doi.org/10.1002/mp.12251|https://github.com/e0404/matRad|contact@matrad.org|https://raw.githubusercontent.com/e0404/matRad/refs/heads/master/README.md|Matrad is an open source software for radiation treatment planning of intensity-modulated photon, proton, and carbon ion therapy.|NA||Yes|https://e0404.github.io/matRad/assets/img/logo.png
MIROpt|2016|Script/Plugin|Treatment Planning and dosimetry|Protons/Ions|Apache 2.0|Matlab|MIRO (UCLouvain), IBA|none||https://openreggui.org/git/open/REGGUI|ana.barragan@uclouvain.be|MIROpt is a Matlab-based software package serving to robustly optimize a treatment plan. To compute the dose, it relies on the MCsquare dose engine. Nonetheless, it allows compatibility with other dose engines. For optimization it uses the C++ Ipopt function optimization libraries.|OpenTPS is an open-source treatment planning system (TPS) for research in radiation therapy and proton therapy. It was developed in Python with a special focus on simplifying contribution to the core functions to let the user develop their own features.|NA||No|
OpenTPS|2021|Application|Treatment Planning and dosimetry|Multiple purpose|Apache 2.0|Python|MIRO and Pilab labs (UCLouvain), IBA|https://opentps.org|https://arxiv.org/abs/2303.00365|https://gitlab.com/openmcsquare/opentps|info@opentps.org|https://gitlab.com/openmcsquare/opentps/-/raw/master/README.md?ref_type=heads|OpenTPS is an open-source treatment planning system (TPS) for research in radiation therapy and proton therapy.|NA||Yes|https://www.opentps.org/assets/img/OpenTPS_banner.png
OpenREGGUI|2011|Application|Treatment Planning and dosimetry|Protons/Ions|Apache 2.0|Matlab|UCLouvain, IBA|https://openreggui.org/||https://openreggui.org/git/open/REGGUI|open.reggui@gmail.com||Image processing, open-source platform for research in proton therapy|NA||No|https://openpath.software/images/logo-OpenReggui.png
FoCa|2014|Application|Treatment Planning and dosimetry|Protons/Ions|Not stated|Matlab|University of Pennsylvania, Department of Radiation Oncology|http://nuclear.fis.ucm.es/foca/#:~:text=FoCa%20is%20an%20in%2Dhouse,suite%20for%20inverse%20treatment%20planning.|https://doi.org/10.1088/0031-9155/59/23/7341|none|dsparcerisa@ucm.es|FoCa is an in-house modular treatment planning system, developed entirely in MATLAB, which includes forward dose and LET calculation of proton radiotherapy plans in both active and passive modalities as well as a generic optimization suite for inverse treatment planning. The software has a dual education and research purpose. From the educational point of view, it can be an invaluable teaching tool for educating medical physicists, showing the insights of a treatment planning system from a well-known and widely accessible software platform. From the research point of view, its current and potential uses range from the fast calculation of any physical, radiobiological or clinical quantity in a patient CT geometry, to the development of new treatment modalities not yet available in commercial treatment planning systems.|FoCa is an in-house modular treatment planning system, developed entirely in MATLAB, which includes forward dose calculation of proton radiotherapy plans in both active and passive modalities as well as a generic optimization suite for inverse treatment planning.|NA||Yes|http://nuclear.fis.ucm.es/foca/LOGO.png
pyanno4RT|2023|Library/Toolkit|Treatment Planning and dosimetry|Multiple purpose|GPL-3.0|Python|Karlsruhe Institute of Technology|https://pyanno4rt.readthedocs.io/|https://www.ncbi.nlm.nih.gov/pmc/articles/PMC10698634/|https://github.com/pyanno4rt/pyanno4rt|tim.ortkamp@kit.edu|https://raw.githubusercontent.com/pyanno4rt/pyanno4rt/refs/heads/master/README.md|pyanno4rt is a Python package for conventional and outcome prediction model-based inverse photon and proton treatment plan optimization, including radiobiological and machine learning (ML) models for tumor control probability (TCP) and normal tissue complication probability (NTCP).|NA||Yes|https://raw.githubusercontent.com/pyanno4rt/pyanno4rt/develop/logo/logo_white.png
PortPy|2023|Library/Toolkit|Treatment Planning and dosimetry|Photons|Apache 2.0|Python, Jupyter notebooks|Memorial Sloan Kettering Cancer Center|none|https://aapm.confex.com/aapm/2023am/meetingapp.cgi/Paper/4208|https://github.com/PortPy-Project/PortPy|zarepism@mskcc.org|https://raw.githubusercontent.com/PortPy-Project/PortPy/refs/heads/master/README.md|PortPy, short for Planning and Optimization for Radiation Therapy, is an initiative aimed at creating an open-source Python library for cancer radiotherapy treatment planning optimization.|NA||Yes|https://github.com/PortPy-Project/PortPy/raw/master/images/PortPy_logo.png
PyRadiomics|2017|Library/Toolkit|Imaging and Image Processing|Multiple purpose|BSD-3-Clause|Python, Jupyter notebooks|Department of Radiation Oncology, Dana-Farber Cancer Institute, Brigham and Women's Hospital, Harvard Medical School, Boston, Massachusetts|https://www.radiomics.io/pyradiomics.html|https://doi.org/10.1158/0008-5472.CAN-17-0339|https://github.com/AIM-Harvard/pyradiomics|pyradiomics@googlegroups.com|https://raw.githubusercontent.com/AIM-Harvard/pyradiomics/refs/heads/master/README.md|PyRadiomics is an open-source python package for the extraction of Radiomics features from medical imaging|NA||Yes|https://radiomics.github.io/img/logo-white-2.png
Pylinac|2014|Library/Toolkit|Imaging and Image Processing|Photons|MIT|Python|RadFormation|https://pylinac.readthedocs.io|https://doi.org/10.21105/joss.06001|https://github.com/jrkerns/pylinac|jkerns@radformation.com|https://raw.githubusercontent.com/jrkerns/pylinac/refs/heads/master/README.rst|Pylinac provides TG-142 quality assurance (QA) tools to Python programmers in the field of therapy and diagnostic medical physics.|NA||Yes|https://storage.googleapis.com/pylinac_demo_files/Pylinac-GREEN.png
PyMedPhys|2018|Library/Toolkit|Quality Assurance|Multiple purpose|Apache 2.0|Python|Contributors from several institutions (University New South Wales, ELEKTA, RadFormation, Royal Delaide Hospital, Antropic PBC)|https://pymedphys.com/|https://doi.org/10.21105/joss.04555|https://github.com/pymedphys/pymedphys|support@pymedphys.com|https://raw.githubusercontent.com/pymedphys/pymedphys/refs/heads/main/README.rst|PyMedPhys is an open-source Medical Physics Python library built by an open community that values code sharing, review, improvement, and learning from each other.|NA||Yes|https://github.com/pymedphys/pymedphys/raw/ca501275227f190a77e641a75af925d9070952b6/lib/pymedphys/docs/_static/pymedphys_title.svg
SlicerRT|2012|Script/Plugin|Imaging and Image Processing|Multiple purpose|BSD-3-Clause|C++|The SlicerRT Community and the Percutaneous Surgery Laboratory, Queen's University|https://slicerrt.github.io/|https://doi.org/10.1118/1.4754659|https://github.com/SlicerRt/SlicerRT|csaba.pinter@ebatinca.com|https://raw.githubusercontent.com/SlicerRt/SlicerRT/refs/heads/master/README.md|SlicerRT is an extension of 3D Slicer, a free, open source software for visualization and image analysis.|NA||Yes|https://avatars.githubusercontent.com/u/1325988?s=200&v=4
CERR|2003|Application|Treatment Planning and dosimetry|Photons|LGPL-2.1|Matlab|Memorial Sloan Kettering Cancer Center|https://cerr.github.io/CERR/|https://doi.org/10.1118/1.1568978|https://github.com/cerr/CERR|deasyj@mskcc.org|https://raw.githubusercontent.com/cerr/CERR/refs/heads/master/README.md|CERR (pronounced 'sir'), stands for Computational Environment for Radiological Research. CERR is MATLAB based software platform for developing and sharing research results using radiation therapy treatment planning and imaging informatics.|NA||No|
pyCERR|2023|Application|Treatment Planning and dosimetry|Photons|GPL-3.0|Python|Memorial Sloan Kettering Cancer Center|https://cerr.github.io/CERR/||https://github.com/cerr/pyCERR||https://raw.githubusercontent.com/cerr/pyCERR/refs/heads/main/README.md|pyCERR provides convenient data structure for imaging metadata and their associations. Utilities are provided to to extract, transform, organize metadata and visualize results of image processing for image and dosimetry features, image processing for AI model training and inference.|NA||No|
MCsquare|2016|Application|Treatment Planning and dosimetry|Protons/Ions|Apache 2.0|C|MIRO (UCLouvain), IBA|http://www.openmcsquare.org/|https://doi.org/10.1118/1.4943377|https://gitlab.com/openmcsquare/MCsquare|kevin.souris@gmail.com|https://gitlab.com/openmcsquare/MCsquare/-/raw/master/README.md?ref_type=heads|Fast Monte Carlo dose calculation algorithm for the simulation of PBS proton therapy.|NA||No|https://openpath.software/images/MCSquare_logo_small.png
TOPAS|2012|Application|Treatment Planning and dosimetry|Multiple purpose|not standard|C++|TOPAS MC Inc (non-profit) originally: SLAC National Accelerator Laboratory, Massachusetts General Hospital and the University of California at San Francisco.|https://www.topasmc.org/home|https://doi.org/10.1118/1.4758060|https://github.com/OpenTOPAS/OpenTOPAS|perl@topasmc.org|https://raw.githubusercontent.com/OpenTOPAS/OpenTOPAS/refs/heads/main/README.md|The TOPAS toolkit aims to provide an intuitive Monte Carlo framework for medical physicists and researchers in related fields|NA||Yes|https://avatars.githubusercontent.com/u/147089948?s=200&v=4
GATE|2014|Application|Treatment Planning and dosimetry|Multiple purpose|LGPL-3.0 license|C++| OpenGATE collaboration - 25 institutions - Creatis (Lyon) and LPC (Laboratoire de Physique de Clairmont) University Clermont Auvergne|http://www.opengatecollaboration.org/|https://doi.org/10.1088/0031-9155/49/19/007|https://github.com/OpenGATE/Gate|Lydia.MAIGNE@uca.fr, David.Sarrut@creatis.insa-lyon.fr|https://raw.githubusercontent.com/OpenGATE/Gate/refs/heads/develop/readme.md|GATE is open source, based on Geant4, and developed by the international OpenGATE collaboration|NA||Yes|https://avatars.githubusercontent.com/u/7346451?s=200&v=4
PENELOPE|1996|Application|Treatment Planning and dosimetry|Photons|Apache-2.0 license|FORTRAN|Universitat de Barcelona|https://www.oecd-nea.org/jcms/pl_108003/penelope-2024-a-code-system-for-monte-carlo-simulation-of-electron-and-photon-transport?details=true|https://www.osti.gov/etdeweb/biblio/378659|||The FORTRAN 77 subroutine package PENELOPE performs Monte Carlo simulation of electron-photon showers in arbitrary for a wide energy range, from similar{sub t}o 1 KeV to several hundred MeV. Photon transport is simulated by means of the standard, detailed simulation scheme. Electron and positron histories are generated on the basis of a mixed procedure, which combines detailed simulation of hard events with condensed simulation of soft interactions. A simple geometry package permits the generation of random electron-photon showers in material systems consisting of homogeneous bodies limited by quadric surfaces, i.e. planes, spheres cylinders, etc. This report is intended not only to serve as a manual of the simulation package, but also to provide the user with the necessary information to understand the details of the Monte Carlo algorithm.|The computer code system penelope (version 2024) performs Monte Carlo simulation of coupled electron-photon transport in arbitrary materials for a wide energy range, from a few hundred eV to about 1 GeV. |NA||No|
pyPENELOPEtools|2022|Library/Toolkit|Treatment Planning and dosimetry|Multiple purpose|Apache-2.0 license|Python| University Street, Montréal, Canada|https://pypenelope.sourceforge.net/||https://github.com/pymontecarlo/pypenelopetools|https://github.com/ppinard and https://github.com/drix00|https://raw.githubusercontent.com/pymontecarlo/pypenelopetools/refs/heads/master/README.md|pyPENELOPEtools is an open-source software to facilitate the use of the Monte Carlo code PENELOPE and its main programs such as PENEPMA|NA||No|
GEANT4|2025|Application|Treatment Planning and dosimetry|Multiple purpose|not standard|C++|CERN|https://geant4.org/|https://doi.org/10.1016/S0168-9002(03)01368-8|https://github.com/Geant4/geant4||https://raw.githubusercontent.com/Geant4/geant4/refs/heads/master/README.rst|Toolkit for the simulation of the passage of particles through matter. Its areas of application include high energy, nuclear and accelerator physics.|NA||yes|https://geant4.web.cern.ch/assets/logo/g4logo-web.png
FLUKA|2025|Application|Treatment Planning and dosimetry|Multiple purpose|not standard|FORTRAN|CERN|http://www.fluka.org/, https://fluka.cern/|https://www.slac.stanford.edu/pubs/slacreports/reports16/slac-r-773.pdf|none||The FLUKA code is a general purpose Monte Carlo code for the interaction and transport of hadrons, leptons, and photons from keV (with the exception of neutrons, tracked down to thermal energies) to cosmic ray energies in any material.\n\nIt has been built with the aim of including the best physics models in terms of completeness and precision, through a microscopic approach where each step has sound physics bases. Reliability is pursued by comparing with particle production data at single interaction level. No tuning on integral data, like calorimeter resolutions, thick target yields etc., is performed. Therefore, final predictions are obtained with minimal free parameters, fixed for all energies and target/projectile combinations. Results in complex problems as well as scaling laws and properties come out naturally from the underlying physics models and the basic conservation laws are fulfilled a priori. Moreover, the microscopic approach preserves correlations within interactions and among the particle shower components, and it provides predictions where no experimental data is available. Powerful biasing techniques are built-in to allow to critically reduce computing time when needed. Transport in magnetic field is also performed.\n\nFLUKA has a wide range of applications, spanning accelerator design and shielding, radiation protection, particle physics, dosimetry, detector simulation, hadrontherapy.|The FLUKA code is a general purpose Monte Carlo code for the interaction and transport of hadrons, leptons, and photons from keV (with the exception of neutrons, tracked down to thermal energies) to cosmic ray energies in any material.|NA||yes|https://fluka.cern/sites/default/files/logo/Fluka_Logo_1_white.png
3DSlicer|2025|Application|Imaging and Image Processing|Multiple purpose|not standard|C++||https://coin-or.github.io/Ipopt/||https://github.com/Slicer/Slicer||https://raw.githubusercontent.com/Slicer/Slicer/refs/heads/main/README.md|3D Slicer is a free, open source software for visualization, processing, segmentation, registration, and analysis of medical, biomedical, and other 3D images and meshes; and planning and navigating image-guided procedures.|NA||yes|https://avatars.githubusercontent.com/u/324362?s=200&v=4
IPOPT|2002|Library/Toolkit|Software Engineering and Data Infrastructure||EPL-2.0|C++||https://coin-or.github.io/Ipopt/|https://doi.org/10.1007/s10107-004-0559-y|https://github.com/coin-or/Ipopt|info@coin-or.org|https://raw.githubusercontent.com/coin-or/Ipopt/refs/heads/stable/3.14/README.md|Ipopt (Interior Point OPTimizer, pronounced eye-pea-Opt) is a software package for large-scale nonlinear optimization.|NA||no|
MONAI|2025|Library/Toolkit|Artificial Intelligence|Multiple purpose|Apache 2.0|Python||https://docs.monai.io/en/stable/||https://github.com/Project-MONAI/MONAI||https://raw.githubusercontent.com/Project-MONAI/MONAI/refs/heads/dev/README.md|Project MONAI is revolutionizing medical imaging through a comprehensive ecosystem of AI tools|NA||yes|https://raw.githubusercontent.com/Project-MONAI/MONAI/dev/docs/images/MONAI-logo-color.png
RTEMIS|2025|Application|Artificial Intelligence|Protons/Ions|Not explicitly stated|R||https://rtemis.org||https://github.com/rtemis-org/rtemis?tab=contributing-ov-file||https://raw.githubusercontent.com/rtemis-org/rtemis/refs/heads/main/README.md|Advanced Machine Learning and Visualization|NA||yes|https://www.rtemis.org/logo.svg
nnU-Net|2024|Application|Artificial Intelligence|Multiple purpose|Apache 2.0|||https://github.com/mic-dkfz/nnunet|https://doi.org/10.5281/zenodo.4485926, https://doi.org/10.1038/s41592-020-01008-z|https://github.com/mic-dkfz/nnunet||https://raw.githubusercontent.com/MIC-DKFZ/nnUNet/refs/heads/master/readme.md|nnU-Net is a semantic segmentation method that automatically adapts to a given dataset. It will analyze the provided training cases and automatically configure a matching U-Net-based segmentation pipeline.|NA||No|
AMIGOpy|2025|Application|Treatment Planning and dosimetry|Brachytherapy|GPL-3.0|Python|Maastro, University of Maastricht|https://www.amigo-medphys.com/||https://github.com/PhysicsResearch/AMIGOpy|gabriel.paivafonseca@maastro.nl|https://raw.githubusercontent.com/PhysicsResearch/AMIGOpy/refs/heads/main/README.md|Welcome to AMIGOpy (A Medical Image-based Graphical platfOrm - Python)! This is an evolution of the previously developed MATLAB-based software AMIGOBrachy.|NA||yes|https://avatars.githubusercontent.com/u/20109682?v=4
RTpipeline|2026|Application|Clinical workflow and applications|Multiple purpose|MIT|Jupyter Notebook (81.2%), Python (16.7%), Shell (1.2%), Other (0.9%)||https://kstawiski.github.io/rtpipeline/||https://github.com/kstawiski/rtpipeline||https://raw.githubusercontent.com/kstawiski/rtpipeline/refs/heads/main/README.md|RTpipeline is a comprehensive, research-grade pipeline that transforms raw DICOM radiotherapy exports into analysis-ready data. It bridges the technical gap between clinical Treatment Planning Systems (TPS) and statistical/ML analysis|NA||No|
pyRadPlan|2026|Application|Treatment Planning and dosimetry, Artificial Intelligence|Multiple purpose|BSD-3-Clause|Python|German Cancer Research Center (DKFZ)|https://pyradplan.readthedocs.io/en/latest/|https://doi.org/10.5281/zenodo.15006909|https://github.com/e0404/pyRadPlan|n.wahl@dkfz-heidelberg.de|https://raw.githubusercontent.com/e0404/pyRadPlan/refs/heads/main/README.md|Related to matRad. Aims to facilitate AI integration into treatment planning workflows (research only).|https://doi.org/10.5281/zenodo.20041330|10.5281/zenodo.15006909|No|
